{
  "COVERAGE_TREATMENT": {
    "purchases": {
      "70_500_10000": 396,
      "70_100_50000": 373,
      "70_250_20000": 374,
      "70_500_50000": 349,
      "80_500_20000": 368,
      "80_100_50000": 334,
      "90_500_20000": 358,
      "70_100_10000": 339,
      "90_100_50000": 333,
      "90_250_10000": 338,
      "90_250_20000": 342,
      "80_250_20000": 328,
      "90_500_10000": 334,
      "80_100_20000": 333,
      "80_250_10000": 336,
      "90_500_50000": 314,
      "70_250_10000": 328,
      "70_100_20000": 295,
      "80_500_10000": 284,
      "70_250_50000": 308,
      "90_250_50000": 290,
      "80_250_50000": 296,
      "80_500_50000": 281,
      "70_500_20000": 290,
      "90_100_10000": 266,
      "80_100_10000": 269,
      "90_100_20000": 244
    },
    "total_quotes": {
      "70_500_10000": 2139,
      "70_100_50000": 2151,
      "70_250_20000": 2157,
      "70_500_50000": 2060,
      "80_500_20000": 2212,
      "80_100_50000": 2035,
      "90_500_20000": 2195,
      "70_100_10000": 2118,
      "90_100_50000": 2084,
      "90_250_10000": 2120,
      "90_250_20000": 2146,
      "80_250_20000": 2079,
      "90_500_10000": 2161,
      "80_100_20000": 2156,
      "80_250_10000": 2193,
      "90_500_50000": 2107,
      "70_250_10000": 2201,
      "70_100_20000": 2067,
      "80_500_10000": 2050,
      "70_250_50000": 2247,
      "90_250_50000": 2145,
      "80_250_50000": 2238,
      "80_500_50000": 2139,
      "70_500_20000": 2208,
      "90_100_10000": 2100,
      "80_100_10000": 2147,
      "90_100_20000": 2026
    },
    "conversion_rate": {
      "70_500_10000": 0.18513323983169705,
      "70_100_50000": 0.17340771734077173,
      "70_250_20000": 0.17338896615669913,
      "70_500_50000": 0.16941747572815535,
      "80_500_20000": 0.16636528028933092,
      "80_100_50000": 0.16412776412776411,
      "90_500_20000": 0.1630979498861048,
      "70_100_10000": 0.16005665722379603,
      "90_100_50000": 0.15978886756238003,
      "90_250_10000": 0.15943396226415094,
      "90_250_20000": 0.15936626281453867,
      "80_250_20000": 0.15776815776815778,
      "90_500_10000": 0.15455807496529383,
      "80_100_20000": 0.15445269016697588,
      "80_250_10000": 0.15321477428180574,
      "90_500_50000": 0.14902705268153774,
      "70_250_10000": 0.1490231712857792,
      "70_100_20000": 0.14271891630382197,
      "80_500_10000": 0.13853658536585367,
      "70_250_50000": 0.13707165109034267,
      "90_250_50000": 0.1351981351981352,
      "80_250_50000": 0.1322609472743521,
      "80_500_50000": 0.131369798971482,
      "70_500_20000": 0.13134057971014493,
      "90_100_10000": 0.12666666666666668,
      "80_100_10000": 0.12529110386585934,
      "90_100_20000": 0.12043435340572557
    }
  },
  "STATE": {
    "purchases": {
      "DC": 48,
      "MN": 112,
      "RI": 50,
      "MT": 31,
      "VA": 330,
      "OR": 274,
      "AZ": 321,
      "NJ": 405,
      "CA": 1347,
      "MI": 350,
      "IL": 442,
      "MD": 204,
      "CT": 177,
      "MA": 246,
      "OH": 332,
      "GA": 351,
      "NV": 131,
      "NH": 50,
      "NY": 2,
      "NM": 62,
      "CO": 251,
      "PA": 428,
      "SC": 131,
      "TX": 937,
      "UT": 71,
      "TN": 190,
      "NC": 262,
      "WI": 128,
      "DE": 8,
      "FL": 572,
      "IA": 61,
      "ND": 12,
      "IN": 124,
      "OK": 64,
      "AR": 40,
      "MO": 67,
      "MS": 21,
      "NE": 18,
      "AL": 40,
      "LA": 9,
      "HI": 1
    },
    "total_quotes": {
      "DC": 193,
      "MN": 454,
      "RI": 250,
      "MT": 158,
      "VA": 1699,
      "OR": 1438,
      "AZ": 1732,
      "NJ": 2247,
      "CA": 7493,
      "MI": 1963,
      "IL": 2543,
      "MD": 1181,
      "CT": 1047,
      "MA": 1501,
      "OH": 2031,
      "GA": 2201,
      "NV": 837,
      "NH": 344,
      "NY": 14,
      "NM": 434,
      "CO": 1791,
      "PA": 3066,
      "SC": 961,
      "TX": 6919,
      "UT": 531,
      "TN": 1430,
      "NC": 2059,
      "WI": 1032,
      "DE": 65,
      "FL": 4657,
      "IA": 500,
      "ND": 106,
      "IN": 1163,
      "OK": 671,
      "AR": 474,
      "MO": 861,
      "MS": 279,
      "NE": 268,
      "AL": 723,
      "LA": 303,
      "HI": 62
    },
    "conversion_rate": {
      "DC": 0.24870466321243523,
      "MN": 0.24669603524229075,
      "RI": 0.2,
      "MT": 0.1962025316455696,
      "VA": 0.19423190111830488,
      "OR": 0.1905424200278164,
      "AZ": 0.18533487297921478,
      "NJ": 0.1802403204272363,
      "CA": 0.1797677832643801,
      "MI": 0.1782985226693836,
      "IL": 0.173810460086512,
      "MD": 0.1727349703640982,
      "CT": 0.16905444126074498,
      "MA": 0.16389073950699534,
      "OH": 0.1634662727720335,
      "GA": 0.15947296683325762,
      "NV": 0.15651135005973715,
      "NH": 0.14534883720930233,
      "NY": 0.14285714285714285,
      "NM": 0.14285714285714285,
      "CO": 0.14014517029592408,
      "PA": 0.1395955642530985,
      "SC": 0.13631633714880334,
      "TX": 0.13542419424772367,
      "UT": 0.1337099811676083,
      "TN": 0.13286713286713286,
      "NC": 0.12724623603691113,
      "WI": 0.12403100775193798,
      "DE": 0.12307692307692308,
      "FL": 0.12282585355379,
      "IA": 0.122,
      "ND": 0.11320754716981132,
      "IN": 0.10662080825451418,
      "OK": 0.09538002980625931,
      "AR": 0.08438818565400844,
      "MO": 0.07781649245063879,
      "MS": 0.07526881720430108,
      "NE": 0.06716417910447761,
      "AL": 0.05532503457814661,
      "LA": 0.0297029702970297,
      "HI": 0.016129032258064516
    }
  },
  "HAS_MULTIPLE_PET_DISCOUNT": {
    "purchases": {
      "true": 802,
      "false": 7898
    },
    "total_quotes": {
      "true": 1322,
      "false": 56359
    },
    "conversion_rate": {
      "true": 0.6066565809379728,
      "false": 0.1401373338774641
    }
  },
  "DESIGNER_BREED": {
    "purchases": {
      "other": 6242,
      "designer": 614,
      "mixed": 1844
    },
    "total_quotes": {
      "other": 39171,
      "designer": 4080,
      "mixed": 14430
    },
    "conversion_rate": {
      "other": 0.1593525822674938,
      "designer": 0.15049019607843137,
      "mixed": 0.12778932778932778
    }
  },
  "HAS_STRONGLY_CONNECTED_USERS": {
    "purchases": {
      "true": 809,
      "false": 7891
    },
    "total_quotes": {
      "true": 4861,
      "false": 52820
    },
    "conversion_rate": {
      "true": 0.166426661180827,
      "false": 0.14939416887542598
    }
  },
  "HAS_DEBIT_CARD": {
    "purchases": {
      "true": 1195,
      "false": 7505
    },
    "total_quotes": {
      "true": 4872,
      "false": 52809
    },
    "conversion_rate": {
      "true": 0.2452791461412151,
      "false": 0.14211592720937719
    }
  },
  "PET_SEX": {
    "purchases": {
      "female": 4328,
      "male": 4372
    },
    "total_quotes": {
      "female": 28100,
      "male": 29581
    },
    "conversion_rate": {
      "female": 0.15402135231316727,
      "male": 0.1477975727663027
    }
  },
  "variant_check": {
    "purchases": {
      "70_500_10000": 396,
      "70_100_50000": 373,
      "70_250_20000": 374,
      "70_500_50000": 349,
      "80_500_20000": 368,
      "80_100_50000": 334,
      "90_500_20000": 358,
      "70_100_10000": 339,
      "90_100_50000": 333,
      "90_250_10000": 338,
      "90_250_20000": 342,
      "80_250_20000": 328,
      "90_500_10000": 334,
      "80_100_20000": 333,
      "80_250_10000": 336,
      "90_500_50000": 314,
      "70_250_10000": 328,
      "70_100_20000": 295,
      "80_500_10000": 284,
      "70_250_50000": 308,
      "90_250_50000": 290,
      "80_250_50000": 296,
      "80_500_50000": 281,
      "70_500_20000": 290,
      "90_100_10000": 266,
      "80_100_10000": 269,
      "90_100_20000": 244
    },
    "total_quotes": {
      "70_500_10000": 2139,
      "70_100_50000": 2151,
      "70_250_20000": 2157,
      "70_500_50000": 2060,
      "80_500_20000": 2212,
      "80_100_50000": 2035,
      "90_500_20000": 2195,
      "70_100_10000": 2118,