feature,correlation_with_purchase
is_purchased,1.0
MEDIAN_HOUSEHOLD_INCOME_2020,0.09613412016701736
TOTAL_VET_CLINICS,0.04440901484162614
QUOTE_MONTH_COS,0.017156475195769464
TREATMENT_DEDUCTIBLE,0.007709420404407428
TREATMENT_COVERAGE_LIMIT,-0.0013170344160383244
TREATMENT_COINSURANCE,-0.0114648314542625
PET_AGE_YEARS,-0.05328691648134451
IMPUTED_AGE,-0.0549551607677618
BASE_PREMIUM,-0.06605639752327917
PIT_ANNUAL_PREMIUM,-0.0683575829115502
