feature,chi2_statistic,chi2_pvalue,degrees_of_freedom,cramers_v,n_categories,balanced
HAS_MULTIPLE_PET_DISCOUNT,52.22575754726287,0.001688780324225434,26,0.030090262997227127,2,No
HAS_DEBIT_CARD,78.70101398596293,3.3192908647054676e-07,26,0.036938033719781306,2,No
HAS_STRONGLY_CONNECTED_USERS,86.82515914816184,1.7900653849477714e-08,26,0.03879773778287068,2,No
PET_SEX,37.324933754422936,0.06986013705213666,26,0.025438009916467632,2,Yes
STATE,2703.7957719647393,3.2987469611665734e-148,1040,0.04246038011939621,41,No
DESIGNER_BREED,70.36962269955421,0.045695956228752145,52,0.024697967960176873,3,No
