feature,f_statistic,f_pvalue,h_statistic,h_pvalue,mean_across_variants,cv_of_variant_means,min_variant_mean,max_variant_mean,balanced
IMPUTED_AGE,2.822739695446626,2.1250586739050857e-06,64.31319146101153,4.297733434829893e-05,39.70036927237739,0.014119853599146241,38.9013949013949,40.95970515970516,No
MEDIAN_HOUSEHOLD_INCOME_2020,2.3812653376608304,9.286371309226514e-05,67.168071767506,1.6986970097865885e-05,84851.79285206567,0.014846570478007434,82269.29362567812,87598.89141164857,No
PET_AGE_YEARS,2.60218605524136,1.4584549398606485e-05,66.55613071445336,2.07618215021973e-05,3.274752518160226,0.034002789101117044,3.081346423562412,3.4788076385654403,No
BASE_PREMIUM,17.247357119547996,3.260975229044918e-78,419.0418255799669,1.607301843596803e-72,507.19018706333105,0.06119793788688422,444.49693782141185,583.693670825336,No
PIT_ANNUAL_PREMIUM,17.331394203032723,1.1683601175808156e-78,422.0313865267131,3.9245165672956554e-73,504.287928954075,0.06141558113860092,440.8677279102384,580.7851391554702,No
