feature,count,missing,mean,std,min,q25,median,q75,max,skewness,kurtosis,n_unique,cv,outliers_n,outliers_pct
PIT_ANNUAL_PREMIUM,57681,0,504.287928954075,343.54394741969554,120.0,278.7,411.53,619.69,6180.97,2.637928896859935,14.332955615103819,32509,0.6812456291234799,3111,5.393457117595048
IMPUTED_AGE,57681,0,39.70036927237739,15.346203839964945,18.0,27.0,36.0,50.0,99.0,0.7232043889853635,-0.3607820285185368,80,0.38655065736737326,90,0.15603058199407083
PET_AGE_YEARS,57681,0,3.274752518160226,3.197605841145739,0.0,1.0,2.0,5.0,14.0,0.9583752652364919,0.16919349608419276,15,0.9764419825355753,1034,1.792618019798547
BASE_PREMIUM,57681,0,507.19018706333105,345.10497348834076,68.6,280.44,413.58,622.75,6180.97,2.6326667240587973,14.196257781980725,32268,0.680425178346853,3121,5.410793848927723
MEDIAN_HOUSEHOLD_INCOME_2020,57681,0,84851.79285206567,37748.75426317313,3388.0,58750.0,77092.0,102955.0,250000.0,1.2854231092693964,2.3405502091216275,20376,0.44487868781966644,2049,3.5522962500650133
TOTAL_VET_CLINICS,57681,0,100.68304987777604,132.77588786902615,3.0,21.0,54.0,118.0,621.0,2.4476960729544417,5.934284019750393,117,1.3187511505681357,6299,10.920407066451691
QUOTE_MONTH_COS,57681,0,-0.17304868292852066,0.7075428201120865,-1.0,-0.86603,-0.5,0.5,1.0,0.4579198085494389,-1.2132313447048315,7,-4.088692315585803,0,0.0
