feature,correlation,effect_size,p_value,significant,score_range,n_levels
PROPENSITY_SCORE,0.183660071872921,0.5220565309245205,9.709760542131516e-265,True,-1.0 to 7.5,16
CUSTOMER_VALUE_SCORE,0.15051414021418077,0.42540740594993814,8.046121172999345e-302,True,-4.5 to 2.3,49226
EXISTING_CUSTOMER_SCORE,0.09756294413045713,0.273913552838203,2.047827998184788e-121,True,0.0 to 1.0,2
ENGAGEMENT_SCORE,0.07441539883991907,0.20850690553805684,6.810281659394344e-35,True,0.0 to 3.5,8
