,PIT_ANNUAL_PREMIUM,IMPUTED_AGE,PET_AGE_YEARS,BASE_PREMIUM,MEDIAN_HOUSEHOLD_INCOME_2020,TOTAL_VET_CLINICS,QUOTE_MONTH_COS,is_purchased
PIT_ANNUAL_PREMIUM,1.0,0.0808472022799368,0.42041279588743286,0.9983245734707239,0.14309347589712534,0.1430529414875247,0.03171126851779011,-0.0683575829115502
IMPUTED_AGE,0.0808472022799368,1.0,0.11909410869633551,0.07672602699531206,0.07274859813732358,-0.05836196792901871,0.015188854290050544,-0.0549551607677618
PET_AGE_YEARS,0.42041279588743286,0.11909410869633551,1.0,0.4228090679311654,0.013120711517417684,0.005422578794681552,0.017138449133196093,-0.05328691648134451
BASE_PREMIUM,0.9983245734707239,0.07672602699531206,0.4228090679311654,1.0,0.14430883638135106,0.1459481702333865,0.026918495628935155,-0.06605639752327917
MEDIAN_HOUSEHOLD_INCOME_2020,0.14309347589712534,0.07274859813732358,0.013120711517417684,0.14430883638135106,1.0,0.13834865459829618,-0.01624738434364962,0.09613412016701736
TOTAL_VET_CLINICS,0.1430529414875247,-0.05836196792901871,0.005422578794681552,0.1459481702333865,0.13834865459829618,1.0,-0.024601665615408465,0.04440901484162614
QUOTE_MONTH_COS,0.03171126851779011,0.015188854290050544,0.017138449133196093,0.026918495628935155,-0.01624738434364962,-0.024601665615408465,1.0,0.017156475195769464
is_purchased,-0.0683575829115502,-0.0549551607677618,-0.05328691648134451,-0.06605639752327917,0.09613412016701736,0.04440901484162614,0.017156475195769464,1.0
