feature,mean_converted,mean_not_converted,mean_diff,mean_diff_pct,t_statistic,t_pvalue,u_statistic,u_pvalue,cohens_d,correlation,correlation_pvalue,significant
MEDIAN_HOUSEHOLD_INCOME_2020,93462.33729885057,83322.38886507013,10139.948433780446,12.169536389794088,23.195437724113596,1.7697654850650415e-118,250458758.0,1.8551058305178287e-150,0.2698643478014879,0.09613412016701742,1.769765485065746e-118,True
PIT_ANNUAL_PREMIUM,448.56686091954026,514.1850991200671,-65.61823820052683,-12.761598559122062,-16.455558010197038,1.0528038975250553e-60,193548134.0,2.3710306585386197e-42,-0.1914500809577232,-0.06835758291155057,1.0528038975254041e-60,True
BASE_PREMIUM,453.10024252873563,516.7976372470958,-63.697394718360215,-12.32540362561771,-15.89912889289041,8.487224984627711e-57,194635292.5,5.935366763358614e-38,-0.1849763776965165,-0.06605639752327933,8.48722498463001e-57,True
IMPUTED_AGE,37.69931034482759,40.05579714583206,-2.356486801004472,-5.883010622470342,-13.218255307770312,7.867911586873219e-40,194489394.0,1.5031511566767134e-38,-0.15378609751333366,-0.05495516076776218,7.867911586873588e-40,True
PET_AGE_YEARS,2.8704597701149424,3.3465629529817686,-0.4761031828668263,-14.22663160848718,-12.81583527659776,1.504532208336328e-37,198628244.5,2.0222670987568382e-24,-0.14910419322912447,-0.05328691648134498,1.504532208336922e-37,True
TOTAL_VET_CLINICS,114.67379310344828,98.19801555705274,16.475777546395534,16.778116597298403,10.67600263270955,1.395890576177628e-26,239749824.5,1.3837280073836301e-77,0.12420858454453804,0.04440901484162642,1.3958905761769135e-26,True
QUOTE_MONTH_COS,-0.14424611379310345,-0.17816459218880792,0.03391847839570447,-19.037721232375816,4.120983288648424,3.7778508799231123e-05,217188657.5,0.003490975304390111,0.047945051984762094,0.0171564751957696,3.777850879922837e-05,True
